gameIndex,qtr,time,isIn,str
0,1,12:00,true,"
10:56.0
  2-5+2S. Curry makes 2-pt shot from 3 ft (assist by A. Bogut)
"
0,2,12:00,false,"
7:31.0
  43-43 S. Curry enters the game for K. Thompson
"
0,2,7:31.0,true,"
7:31.0
  43-43 S. Curry enters the game for K. Thompson
"
0,3,2:51.0,false,"
2:51.0
  70-85 S. Livingston enters the game for S. Curry
"
0,4,8:37.0,true,"
8:37.0
  79-100 S. Curry enters the game for M. Speights
"
0,4,1:40.0,false,"
1:40.0
  91-104 B. Rush enters the game for S. Curry
"
1,1,12:00,true,"
11:00.0
S. Curry misses 2-pt shot from 18 ft 1-2  
"
1,1,1:46.0,false,"
1:46.0
L. Barbosa enters the game for S. Curry 23-25  
"
1,2,7:43.0,true,"
7:43.0
S. Curry enters the game for L. Barbosa 40-33  
"
1,3,6:23.0,false,"
6:23.0
A. Iguodala enters the game for S. Curry 70-57  
"
1,4,8:26.0,true,"
8:26.0
S. Curry enters the game for S. Livingston 89-72  
"
1,4,4:36.0,false,"
4:36.0
J. McAdoo enters the game for S. Curry 101-76  
"
2,1,12:00,true,"
9:48.0
D. Green makes 2-pt shot from 8 ft (assist by S. Curry)+24-8  
"
2,2,12:00,false,"
7:30.0
S. Curry enters the game for M. Speights 41-39  
"
2,2,7:30.0,true,"
7:30.0
S. Curry enters the game for M. Speights 41-39  
"
2,2,2:30.0,false,"
2:30.0
M. Speights enters the game for S. Curry 60-59  
"
2,3,12:00,true,"
10:48.0
H. Barnes makes 2-pt shot at rim (assist by S. Curry)+266-67  
"
2,4,12:00,false,"
7:08.0
S. Curry enters the game for L. Barbosa 113-100  
"
2,4,7:08.0,true,"
7:08.0
S. Curry enters the game for L. Barbosa 113-100  
"
2,4,0:30.0,false,"
0:30.0
B. Rush enters the game for S. Curry 131-118  
"
3,1,12:00,true,"
11:02.0
  0-0 Turnover by S. Curry (bad pass)
"
3,2,12:00,false,"
6:26.0
  28-35 S. Curry enters the game for S. Livingston
"
3,2,6:26.0,true,"
6:26.0
  28-35 S. Curry enters the game for S. Livingston
"
3,3,2:02.0,false,"
2:02.0
  44-88 S. Livingston enters the game for S. Curry
"
4,1,12:00,true,"
11:17.0
  2-3+3S. Curry makes 3-pt shot from 25 ft (assist by H. Barnes)
"
4,1,9:15.0,false,"
9:15.0
  6-7 S. Livingston enters the game for S. Curry
"
4,2,12:00,true,"
10:48.0
  27-33 Defensive rebound by S. Curry
"
4,2,0:10.0,false,"
0:10.0
  56-63 A. Iguodala enters the game for S. Curry
"
4,3,12:00,true,"
10:39.0
  59-65 S. Curry misses 2-pt shot from 16 ft
"
4,3,2:16.0,false,"
2:16.0
  77-77 L. Barbosa enters the game for S. Curry
"
4,4,8:19.0,true,"
8:19.0
  95-87 S. Curry enters the game for L. Barbosa
"
4,4,00:00,false,game end
5,1,12:00,true,"
11:03.0
  2-2 Defensive rebound by S. Curry
"
5,2,12:00,false,"
5:54.0
  27-55 S. Curry enters the game for S. Livingston
"
5,2,5:54.0,true,"
5:54.0
  27-55 S. Curry enters the game for S. Livingston
"
5,4,12:00,false,"
6:22.0
  91-107 S. Curry enters the game for L. Barbosa
"
5,4,6:22.0,true,"
6:22.0
  91-107 S. Curry enters the game for L. Barbosa
"
5,4,1:37.0,false,"
1:37.0
  102-119 I. Clark enters the game for S. Curry
"
6,1,12:00,true,"
8:45.0
S. Curry misses 3-pt shot from 27 ft 2-5  
"
6,2,12:00,false,"
7:17.0
S. Curry enters the game for S. Livingston 30-19  
"
6,2,7:17.0,true,"
7:17.0
S. Curry enters the game for S. Livingston 30-19  
"
6,4,12:00,false,"
7:51.0
S. Curry enters the game for L. Barbosa 78-76  
"
6,4,7:51.0,true,"
7:51.0
S. Curry enters the game for L. Barbosa 78-76  
"
6,4,00:00,false,game end
7,1,12:00,true,"
10:52.0
Turnover by R. Jackson (bad pass; steal by S. Curry) 2-0  
"
7,2,12:00,false,"
7:33.0
  29-31 S. Curry enters the game for S. Livingston
"
7,2,7:33.0,true,"
7:33.0
  29-31 S. Curry enters the game for S. Livingston
"
7,4,12:00,false,"
5:17.0
  82-98 S. Curry enters the game for L. Barbosa
"
7,4,5:17.0,true,"
5:17.0
  82-98 S. Curry enters the game for L. Barbosa
"
7,4,00:00,false,game end
8,1,12:00,true,"
12:00.0
Jump ball: F. Ezeli vs. M. Gasol (S. Curry gains possession)
"
8,2,12:00,false,"
5:50.0
S. Curry enters the game for L. Barbosa 39-26  
"
8,2,5:50.0,true,"
5:50.0
S. Curry enters the game for L. Barbosa 39-26  
"
8,4,12:00,false,"
6:34.0
S. Curry enters the game for L. Barbosa 83-71  
"
8,4,6:34.0,true,"
6:34.0
S. Curry enters the game for L. Barbosa 83-71  
"
8,4,1:54.0,false,"
1:54.0
I. Clark enters the game for S. Curry 98-78  
"
9,1,12:00,true,"
11:46.0
D. Green makes 2-pt shot from 14 ft (assist by S. Curry)+22-0  
"
9,2,12:00,false,"
7:07.0
S. Curry enters the game for A. Iguodala 50-42  
"
9,2,7:07.0,true,"
7:07.0
S. Curry enters the game for A. Iguodala 50-42  
"
9,4,12:00,false,"
6:35.0
S. Curry enters the game for A. Iguodala 109-101  
"
9,4,6:35.0,true,"
6:35.0
S. Curry enters the game for A. Iguodala 109-101  
"
9,4,00:00,false,game end
10,1,12:00,true,"
11:26.0
  2-2+2S. Curry makes 2-pt shot from 6 ft
"
10,2,12:00,false,"
6:15.0
  44-32 S. Curry enters the game for I. Clark
"
10,2,6:15.0,true,"
6:15.0
  44-32 S. Curry enters the game for I. Clark
"
10,4,12:00,false,"
8:30.0
  81-76 S. Curry enters the game for I. Clark
"
10,4,8:30.0,true,"
8:30.0
  81-76 S. Curry enters the game for I. Clark
"
10,4,0:01.0,false,"
0:01.0
  97-97 F. Ezeli enters the game for S. Curry
"
10,5,12:00,true,"
4:00.0
  97-99 S. Curry misses 3-pt shot from 24 ft
"
10,5,00:00,false,game end
11,1,12:00,true,"
11:03.0
  0-0 S. Curry misses 3-pt shot from 23 ft
"
11,2,12:00,false,"
7:07.0
  35-37 S. Curry enters the game for L. Barbosa
"
11,2,7:07.0,true,"
7:07.0
  35-37 S. Curry enters the game for L. Barbosa
"
11,4,10:42.0,false,"
10:42.0
  88-92 I. Clark enters the game for S. Curry
"
11,4,7:10.0,true,"
7:10.0
  93-95 S. Curry enters the game for L. Barbosa
"
11,4,00:00,false,game end
12,1,12:00,true,"
11:08.0
S. Curry makes 3-pt shot from 26 ft+33-0  
"
12,1,7:45.0,false,"
7:45.0
A. Iguodala enters the game for S. Curry 10-18  
"
12,2,12:00,true,"
11:09.0
  25-45 Personal foul by A. Rivers (drawn by S. Curry)
"
12,4,12:00,false,"
8:31.0
S. Curry enters the game for A. Iguodala 95-98  
"
12,4,8:31.0,true,"
8:31.0
S. Curry enters the game for A. Iguodala 95-98  
"
12,4,00:00,false,game end
13,1,12:00,true,"
9:50.0
  6-7+3S. Curry makes 3-pt shot from 24 ft
"
13,2,12:00,false,"
5:49.0
  35-39 S. Curry enters the game for I. Clark
"
13,2,5:49.0,true,"
5:49.0
  35-39 S. Curry enters the game for I. Clark
"
13,4,12:00,false,"
6:16.0
  85-87 S. Curry enters the game for S. Livingston
"
13,4,6:16.0,true,"
6:16.0
  85-87 S. Curry enters the game for S. Livingston
"
13,4,00:00,false,game end
14,1,12:00,true,"
11:44.0
A. Bogut makes 2-pt shot from 4 ft (assist by S. Curry)+22-0  
"
14,1,1:31.0,false,"
1:31.0
L. Barbosa enters the game for S. Curry 27-21  
"
14,2,6:51.0,true,"
6:51.0
S. Curry enters the game for L. Barbosa 42-37  
"
14,3,1:43.0,false,"
1:43.0
L. Barbosa enters the game for S. Curry 86-74  
"
15,1,12:00,true,"
11:44.0
  0-3+3D. Green makes 3-pt shot from 25 ft (assist by S. Curry)
"
15,2,12:00,false,"
6:16.0
  25-43 S. Curry enters the game for S. Livingston
"
15,2,6:16.0,true,"
6:16.0
  25-43 S. Curry enters the game for S. Livingston
"
15,3,0:07.0,false,"
0:07.0
  55-88 L. Barbosa enters the game for S. Curry
"
16,1,12:00,true,"
12:00.0
Jump ball: A. Bogut vs. T. Chandler (S. Curry gains possession)
"
16,2,12:00,false,"
6:39.0
S. Curry enters the game for L. Barbosa 55-43  
"
16,2,6:39.0,true,"
6:39.0
S. Curry enters the game for L. Barbosa 55-43  
"
16,4,00:00,false,game end
17,1,12:00,true,"
11:14.0
  2-0 S. Curry misses 3-pt shot from 24 ft
"
17,2,12:00,false,"
5:48.0
  40-43 S. Curry enters the game for S. Livingston
"
17,2,5:48.0,true,"
5:48.0
  40-43 S. Curry enters the game for S. Livingston
"
17,4,00:00,false,game end
18,1,12:00,true,"
11:12.0
S. Curry makes 3-pt shot from 25 ft (assist by A. Bogut)+33-2  
"
18,2,12:00,false,"
6:40.0
S. Curry enters the game for S. Livingston 36-30  
"
18,2,6:40.0,true,"
6:40.0
S. Curry enters the game for S. Livingston 36-30  
"
18,4,12:00,false,"
6:36.0
S. Curry enters the game for A. Iguodala 87-90  
"
18,4,6:36.0,true,"
6:36.0
S. Curry enters the game for A. Iguodala 87-90  
"
18,4,00:00,false,game end
19,1,12:00,true,"
12:00.0
Jump ball: A. Bogut vs. C. Zeller (S. Curry gains possession)
"
19,2,12:00,false,"
6:49.0
S. Curry enters the game for J. McAdoo 45-34  
"
19,2,6:49.0,true,"
6:49.0
S. Curry enters the game for J. McAdoo 45-34  
"
19,4,00:00,false,game end
20,1,12:00,true,"
10:18.0
S. Curry makes 3-pt shot from 24 ft+33-5  
"
20,1,0:09.0,false,"
0:09.0
I. Clark enters the game for S. Curry 32-21  
"
20,2,6:16.0,true,"
6:16.0
S. Curry enters the game for S. Livingston 42-39  
"
20,2,1:22.0,false,"
1:22.0
I. Clark enters the game for S. Curry 53-46  
"
20,2,0:25.0,true,"
0:25.0
S. Curry enters the game for D. Green 56-48  
"
20,4,12:00,false,"
8:41.0
S. Curry enters the game for L. Barbosa 84-85  
"
20,4,8:41.0,true,"
8:41.0
S. Curry enters the game for L. Barbosa 84-85  
"
20,4,00:00,false,game end
21,1,12:00,true,"
11:19.0
Defensive rebound by S. Curry 0-0  
"
21,1,2:44.0,false,"
2:44.0
S. Livingston enters the game for S. Curry 25-8  
"
21,2,7:57.0,true,"
7:57.0
S. Curry enters the game for B. Rush 39-25  
"
21,4,12:00,false,"
6:01.0
S. Curry enters the game for A. Iguodala 106-89  
"
21,4,6:01.0,true,"
6:01.0
S. Curry enters the game for A. Iguodala 106-89  
"
21,4,3:00.0,false,"
3:00.0
B. Rush enters the game for S. Curry 109-92  
"
22,1,12:00,true,"
12:00.0
Jump ball: A. Bogut vs. I. Mahinmi (S. Curry gains possession)
"
22,2,12:00,false,"
5:50.0
S. Curry enters the game for I. Clark 62-42  
"
22,2,5:50.0,true,"
5:50.0
S. Curry enters the game for I. Clark 62-42  
"
22,4,12:00,false,"
5:49.0
S. Curry enters the game for F. Ezeli 121-105  
"
22,4,5:49.0,true,"
5:49.0
S. Curry enters the game for F. Ezeli 121-105  
"
22,4,00:00,false,game end
23,1,12:00,true,"
12:00.0
Jump ball: A. Bogut vs. A. Johnson (S. Curry gains possession)
"
23,1,0:11.0,false,"
0:11.0
L. Barbosa enters the game for S. Curry 25-25  
"
23,2,7:34.0,true,"
7:34.0
S. Curry enters the game for L. Barbosa 39-35  
"
23,3,3:21.0,false,"
3:21.0
S. Livingston enters the game for S. Curry 76-65  
"
23,4,8:53.0,true,"
8:53.0
S. Curry enters the game for M. Speights 83-86  
"
23,6,00:00,false,game end
24,1,12:00,true,"
11:14.0
Defensive rebound by S. Curry 0-2  
"
24,1,0:08.0,false,"
0:08.0
L. Barbosa enters the game for S. Curry 27-30  
"
24,2,5:27.0,true,"
5:27.0
S. Curry enters the game for L. Barbosa 35-42  
"
24,4,12:00,false,"
6:57.0
S. Curry enters the game for J. Thompson 79-91  
"
24,4,6:57.0,true,"
6:57.0
S. Curry enters the game for J. Thompson 79-91  
"
24,4,1:02.0,false,"
1:02.0
L. Barbosa enters the game for S. Curry 93-105  
"
25,1,12:00,true,"
10:13.0
  9-5 Turnover by S. Curry (bad pass)
"
25,1,1:27.0,false,"
1:27.0
  26-22 S. Livingston enters the game for S. Curry
"
25,2,7:02.0,true,"
7:02.0
  35-34 S. Curry enters the game for B. Rush
"
25,4,00:00,false,game end
26,1,12:00,true,"
12:00.0
Jump ball: A. Bogut vs. G. Monroe (S. Curry gains possession)
"
26,2,12:00,false,"
6:26.0
  49-45 S. Curry enters the game for L. Barbosa
"
26,2,6:26.0,true,"
6:26.0
  49-45 S. Curry enters the game for L. Barbosa
"
26,4,12:00,false,"
8:54.0
  100-89 S. Curry enters the game for A. Iguodala
"
26,4,8:54.0,true,"
8:54.0
  100-89 S. Curry enters the game for A. Iguodala
"
26,4,00:00,false,game end
27,1,12:00,true,"
10:48.0
  2-5+3S. Curry makes 3-pt shot from 24 ft
"
27,2,12:00,false,"
6:36.0
  27-32 S. Curry enters the game for L. Barbosa
"
27,2,6:36.0,true,"
6:36.0
  27-32 S. Curry enters the game for L. Barbosa
"
27,3,0:44.0,false,"
0:44.0
  56-69 S. Livingston enters the game for S. Curry
"
27,4,6:26.0,true,"
6:26.0
  71-82 S. Curry enters the game for A. Iguodala
"
27,4,2:05.0,false,"
2:05.0
  83-98 I. Clark enters the game for S. Curry
"
28,1,12:00,true,"
8:17.0
  5-4 S. Curry misses 2-pt shot from 1 ft
"
28,2,12:00,false,"
5:28.0
  35-37 S. Curry enters the game for S. Livingston
"
28,2,5:28.0,true,"
5:28.0
  35-37 S. Curry enters the game for S. Livingston
"
28,4,12:00,false,"
7:07.0
  67-71 S. Curry enters the game for I. Clark
"
28,4,7:07.0,true,"
7:07.0
  67-71 S. Curry enters the game for I. Clark
"
28,4,00:00,false,game end
29,1,12:00,true,"
11:45.0
Personal foul by R. Rondo (drawn by S. Curry) 0-0  
"
29,1,0:51.0,false,"
0:51.0
  28-27 I. Clark enters the game for S. Curry
"
29,2,7:13.0,true,"
7:13.0
  41-30 S. Curry enters the game for A. Iguodala
"
29,4,00:00,false,game end
32,1,12:00,true,"
11:47.0
  0-2+2A. Iguodala makes 2-pt shot at rim (assist by S. Curry)
"
32,1,3:40.0,false,"
3:40.0
  7-25 I. Clark enters the game for S. Curry
"
32,2,8:19.0,true,"
8:19.0
  25-43 S. Curry enters the game for M. Speights
"
32,2,2:16.0,false,"
2:16.0
  40-54 I. Clark enters the game for S. Curry
"
33,1,12:00,true,"
11:19.0
  2-3+3S. Curry makes 3-pt shot from 25 ft (assist by B. Rush)
"
33,1,5:03.0,false,"
5:03.0
  17-17 S. Livingston enters the game for S. Curry
"
33,2,8:49.0,true,"
8:49.0
  34-41 S. Curry enters the game for S. Livingston
"
33,3,2:57.0,false,"
2:57.0
  73-86 I. Clark enters the game for S. Curry
"
33,4,7:02.0,true,"
7:02.0
  87-101 S. Curry enters the game for A. Iguodala
"
33,4,00:00,false,game end
34,1,12:00,true,"
11:45.0
K. Thompson makes 3-pt shot from 25 ft (assist by S. Curry)+33-0  
"
34,1,3:50.0,false,"
3:50.0
I. Clark enters the game for S. Curry 28-18  
"
34,2,8:44.0,true,"
8:44.0
S. Curry enters the game for I. Clark 41-29  
"
34,3,2:46.0,false,"
2:46.0
I. Clark enters the game for S. Curry 84-55  
"
35,1,12:00,true,"
11:00.0
S. Curry makes 3-pt shot from 22 ft (assist by D. Green)+33-0  
"
35,1,2:09.0,false,"
2:09.0
H. Barnes enters the game for S. Curry 30-13  
"
35,2,6:59.0,true,"
6:59.0
S. Curry enters the game for I. Clark 49-34  
"
35,4,00:00,false,game end
36,1,12:00,true,"
11:45.0
Defensive rebound by S. Curry 0-0  
"
36,1,2:50.0,false,"
2:50.0
S. Livingston enters the game for S. Curry 19-23  
"
36,2,9:47.0,true,"
9:47.0
S. Curry enters the game for F. Ezeli 26-30  
"
36,3,0:00.0,false,"
0:00.0
F. Ezeli enters the game for S. Curry 96-84  
"
36,4,6:57.0,true,"
6:57.0
S. Curry enters the game for I. Clark 106-96  
"
36,4,00:00,false,game end
37,1,12:00,true,"
10:53.0
  2-2+2A. Bogut makes 2-pt shot at rim (assist by S. Curry)
"
37,2,12:00,false,"
7:16.0
  32-38 S. Curry enters the game for I. Clark
"
37,2,7:16.0,true,"
7:16.0
  32-38 S. Curry enters the game for I. Clark
"
37,4,12:00,false,"
6:18.0
  85-95 S. Curry enters the game for A. Iguodala
"
37,4,6:18.0,true,"
6:18.0
  85-95 S. Curry enters the game for A. Iguodala
"
37,4,00:00,false,game end
38,1,12:00,true,"
10:49.0
Defensive rebound by S. Curry 1-2  
"
38,1,0:15.0,false,"
0:15.0
S. Livingston enters the game for S. Curry 24-30  
"
38,2,7:37.0,true,"
7:37.0
S. Curry enters the game for A. Iguodala 35-39  
"
38,4,12:00,false,"
8:26.0
S. Curry enters the game for A. Iguodala 79-89  
"
38,4,8:26.0,true,"
8:26.0
S. Curry enters the game for A. Iguodala 79-89  
"
38,4,00:00,false,game end
39,1,12:00,true,"
11:45.0
  0-0 S. Curry misses 2-pt shot from 1 ft
"
39,2,12:00,false,"
5:31.0
  38-39 S. Curry enters the game for S. Livingston
"
39,2,5:31.0,true,"
5:31.0
  38-39 S. Curry enters the game for S. Livingston
"
39,4,00:00,false,game end
40,1,12:00,true,"
11:43.0
S. Curry misses 3-pt shot from 26 ft 0-0  
"
40,2,12:00,false,"
7:07.0
S. Curry enters the game for S. Livingston 33-42  
"
40,2,7:07.0,true,"
7:07.0
S. Curry enters the game for S. Livingston 33-42  
"
40,4,12:00,false,"
8:37.0
S. Curry enters the game for H. Barnes 76-96  
"
40,4,8:37.0,true,"
8:37.0
S. Curry enters the game for H. Barnes 76-96  
"
40,4,2:49.0,false,"
2:49.0
I. Clark enters the game for S. Curry 90-109  
"
41,1,12:00,true,"
11:43.0
A. Bogut makes 2-pt shot at rim (assist by S. Curry)+22-0  
"
41,2,12:00,false,"
7:35.0
S. Curry enters the game for H. Barnes 45-31  
"
41,2,7:35.0,true,"
7:35.0
S. Curry enters the game for H. Barnes 45-31  
"
41,2,3:32.0,false,"
3:32.0
I. Clark enters the game for S. Curry 59-34  
"
41,3,12:00,true,"
11:37.0
K. Thompson makes 2-pt shot at rim (assist by S. Curry)+272-44  
"
41,4,00:00,false,game end
42,1,12:00,true,"
10:54.0
S. Curry misses 3-pt shot from 25 ft 0-2  
"
42,2,12:00,false,"
6:07.0
S. Curry enters the game for H. Barnes 47-35  
"
42,2,6:07.0,true,"
6:07.0
S. Curry enters the game for H. Barnes 47-35  
"
42,4,12:00,false,"
7:31.0
S. Curry enters the game for A. Iguodala 95-79  
"
42,4,7:31.0,true,"
7:31.0
S. Curry enters the game for A. Iguodala 95-79  
"
42,4,3:53.0,false,"
3:53.0
L. Barbosa enters the game for S. Curry 110-86  
"
43,1,12:00,true,"
11:03.0
  0-4+2K. Thompson makes 2-pt shot from 14 ft (assist by S. Curry)
"
43,2,12:00,false,"
6:28.0
  33-41 S. Curry enters the game for H. Barnes
"
43,2,6:28.0,true,"
6:28.0
  33-41 S. Curry enters the game for H. Barnes
"
43,4,12:00,false,"
7:39.0
  86-95 S. Curry enters the game for L. Barbosa
"
43,4,7:39.0,true,"
7:39.0
  86-95 S. Curry enters the game for L. Barbosa
"
43,4,1:18.0,false,"
1:18.0
  103-117 B. Rush enters the game for S. Curry
"
44,1,12:00,true,"
11:03.0
  2-2 S. Curry misses 3-pt shot from 24 ft
"
44,2,12:00,false,"
5:27.0
  37-47 S. Curry enters the game for B. Rush
"
44,2,5:27.0,true,"
5:27.0
  37-47 S. Curry enters the game for B. Rush
"
44,3,1:06.0,false,"
1:06.0
  65-92 S. Livingston enters the game for S. Curry
"
45,1,12:00,true,"
12:00.0
Jump ball: A. Bogut vs. S. Mejri (S. Curry gains possession)
"
45,1,1:45.0,false,"
1:45.0
  16-26 S. Livingston enters the game for S. Curry
"
45,2,6:35.0,true,"
6:35.0
  32-38 S. Curry enters the game for B. Rush
"
45,4,12:00,false,"
5:43.0
  90-105 S. Curry enters the game for B. Rush
"
45,4,5:43.0,true,"
5:43.0
  90-105 S. Curry enters the game for B. Rush
"
45,4,2:45.0,false,"
2:45.0
  99-119 B. Rush enters the game for S. Curry
"
46,1,12:00,true,"
11:39.0
Defensive rebound by S. Curry 0-0  
"
46,2,12:00,false,"
5:44.0
S. Curry enters the game for I. Clark 54-43  
"
46,2,5:44.0,true,"
5:44.0
S. Curry enters the game for I. Clark 54-43  
"
46,3,4:25.0,false,"
4:25.0
S. Livingston enters the game for S. Curry 84-62  
"
46,4,8:53.0,true,"
8:53.0
S. Curry enters the game for I. Clark 93-81  
"
46,4,00:00,false,game end
47,1,12:00,true,"
11:42.0
S. Curry misses 3-pt shot from 27 ft 0-0  
"
47,2,12:00,false,"
7:15.0
S. Curry enters the game for A. Iguodala 32-31  
"
47,2,7:15.0,true,"
7:15.0
S. Curry enters the game for A. Iguodala 32-31  
"
47,3,4:06.0,false,"
4:06.0
S. Livingston enters the game for S. Curry 71-58  
"
47,4,8:54.0,true,"
8:54.0
S. Curry enters the game for S. Livingston 89-72  
"
47,4,4:04.0,false,"
4:04.0
M. Speights enters the game for S. Curry 103-84  
"
48,1,12:00,true,"
9:08.0
S. Curry makes 3-pt shot from 26 ft (assist by D. Green)+37-5  
"
48,2,12:00,false,"
5:31.0
S. Curry enters the game for S. Livingston 55-46  
"
48,2,5:31.0,true,"
5:31.0
S. Curry enters the game for S. Livingston 55-46  
"
48,3,0:54.0,false,"
0:54.0
S. Livingston enters the game for S. Curry 101-90  
"
48,4,7:04.0,true,"
7:04.0
S. Curry enters the game for A. Iguodala 114-103  
"
48,4,00:00,false,game end
49,1,12:00,true,"
10:34.0
  7-0 S. Curry misses 3-pt shot from 25 ft
"
49,2,12:00,false,"
6:43.0
  39-50 S. Curry enters the game for H. Barnes
"
49,2,6:43.0,true,"
6:43.0
  39-50 S. Curry enters the game for H. Barnes
"
49,4,12:00,false,"
6:59.0
  92-99 S. Curry enters the game for H. Barnes
"
49,4,6:59.0,true,"
6:59.0
  92-99 S. Curry enters the game for H. Barnes
"
49,4,00:00,false,game end
50,1,12:00,true,"
12:00.0
Jump ball: A. Bogut vs. D. Howard (S. Curry gains possession)
"
50,2,12:00,false,"
7:01.0
  37-52 S. Curry enters the game for H. Barnes
"
50,2,7:01.0,true,"
7:01.0
  37-52 S. Curry enters the game for H. Barnes
"
50,4,12:00,false,"
6:40.0
  98-110 S. Curry enters the game for A. Iguodala
"
50,4,6:40.0,true,"
6:40.0
  98-110 S. Curry enters the game for A. Iguodala
"
50,4,00:00,false,game end
51,1,12:00,true,"
11:54.0
H. Barnes makes 2-pt shot at rim (assist by S. Curry)+22-0  
"
51,2,12:00,false,"
6:06.0
S. Curry enters the game for A. Iguodala 40-35  
"
51,2,6:06.0,true,"
6:06.0
S. Curry enters the game for A. Iguodala 40-35  
"
51,4,00:00,false,game end
52,1,12:00,true,"
10:50.0
S. Curry makes 2-pt shot from 1 ft (assist by D. Green)+24-2  
"
52,2,12:00,false,"
5:34.0
S. Curry enters the game for A. Iguodala 43-58  
"
52,2,5:34.0,true,"
5:34.0
S. Curry enters the game for A. Iguodala 43-58  
"
52,2,0:50.0,false,"
0:50.0
L. Barbosa enters the game for S. Curry 60-65  
"
52,3,12:00,true,"
10:57.0
K. Thompson makes 2-pt shot from 1 ft (assist by S. Curry)+264-70  
"
52,3,2:26.0,false,"
2:26.0
S. Livingston enters the game for S. Curry 75-97  
"
53,1,12:00,true,"
10:38.0
K. Thompson makes 2-pt shot from 13 ft (assist by S. Curry)+24-4  
"
53,1,4:43.0,false,"
4:43.0
S. Livingston enters the game for S. Curry 21-10  
"
53,2,12:00,true,"
11:49.0
  33-20 Personal foul by P. Prigioni (drawn by S. Curry)
"
53,4,12:00,false,"
5:47.0
S. Curry enters the game for H. Barnes 108-92  
"
53,4,5:47.0,true,"
5:47.0
S. Curry enters the game for H. Barnes 108-92  
"
53,4,1:39.0,false,"
1:39.0
L. Barbosa enters the game for S. Curry 115-102  
"
53,4,0:05.0,true,"
0:05.0
S. Curry enters the game for I. Clark 115-112  
"
53,4,00:00,false,game end
54,1,12:00,true,"
11:49.0
Personal foul by S. Curry 0-0  
"
54,2,12:00,false,"
6:20.0
S. Curry enters the game for A. Iguodala 39-30  
"
54,2,6:20.0,true,"
6:20.0
S. Curry enters the game for A. Iguodala 39-30  
"
54,4,12:00,false,"
5:28.0
S. Curry enters the game for H. Barnes 88-84  
"
54,4,5:28.0,true,"
5:28.0
S. Curry enters the game for H. Barnes 88-84  
"
54,4,00:00,false,game end
55,1,12:00,true,"
10:41.0
S. Curry makes 3-pt shot from 26 ft (assist by D. Green)+33-2  
"
55,2,12:00,false,"
5:48.0
S. Curry enters the game for A. Iguodala 35-44  
"
55,2,5:48.0,true,"
5:48.0
S. Curry enters the game for A. Iguodala 35-44  
"
55,4,12:00,false,"
5:47.0
S. Curry enters the game for A. Iguodala 94-96  
"
55,4,5:47.0,true,"
5:47.0
S. Curry enters the game for A. Iguodala 94-96  
"
55,4,00:00,false,game end
56,1,12:00,true,"
11:28.0
Defensive rebound by S. Curry 1-0  
"
56,2,12:00,false,"
6:15.0
S. Curry enters the game for H. Barnes 42-41  
"
56,2,6:15.0,true,"
6:15.0
S. Curry enters the game for H. Barnes 42-41  
"
56,4,12:00,false,"
5:49.0
S. Curry enters the game for A. Iguodala 115-102  
"
56,4,5:49.0,true,"
5:49.0
S. Curry enters the game for A. Iguodala 115-102  
"
56,4,2:02.0,false,"
2:02.0
I. Clark enters the game for S. Curry 125-110  
"
57,1,12:00,true,"
11:50.0
Personal foul by S. Curry (drawn by K. Durant) 0-0  
"
57,2,12:00,false,"
5:52.0
S. Curry enters the game for H. Barnes 30-40  
"
57,2,5:52.0,true,"
5:52.0
S. Curry enters the game for H. Barnes 30-40  
"
57,3,10:29.0,false,"
10:29.0
S. Livingston enters the game for S. Curry 52-57  
"
57,3,5:10.0,true,"
5:10.0
S. Curry enters the game for S. Livingston 63-70  
"
57,4,9:58.0,false,"
9:58.0
S. Livingston enters the game for S. Curry 78-86  
"
57,4,6:07.0,true,"
6:07.0
S. Curry enters the game for A. Iguodala 85-94  
"
57,4,0:00.0,false,"
0:00.0
S. Livingston enters the game for S. Curry 103-103  
"
57,5,12:00,true,"
4:13.0
Shooting foul by K. Durant (drawn by S. Curry) 103-108  
"
57,5,0:01.0,false,"
0:01.0
S. Livingston enters the game for S. Curry 121-118  
"
59,1,12:00,true,"
11:16.0
  2-0 S. Curry misses 3-pt shot from 25 ft
"
59,1,1:09.0,false,"
1:09.0
  24-27 S. Livingston enters the game for S. Curry
"
59,2,7:48.0,true,"
7:48.0
  38-42 S. Curry enters the game for A. Iguodala
"
59,4,12:00,false,"
6:32.0
  93-99 S. Curry enters the game for A. Iguodala
"
59,4,6:32.0,true,"
6:32.0
  93-99 S. Curry enters the game for A. Iguodala
"
59,4,00:00,false,game end
60,1,12:00,true,"
10:34.0
S. Curry makes 3-pt shot from 26 ft (assist by A. Bogut)+33-0  
"
60,2,12:00,false,"
5:30.0
S. Curry enters the game for H. Barnes 38-43  
"
60,2,5:30.0,true,"
5:30.0
S. Curry enters the game for H. Barnes 38-43  
"
60,4,12:00,false,"
9:24.0
S. Curry enters the game for A. Varejao 75-91  
"
60,4,9:24.0,true,"
9:24.0
S. Curry enters the game for A. Varejao 75-91  
"
60,4,4:37.0,false,"
4:37.0
L. Barbosa enters the game for S. Curry 83-102  
"
61,1,12:00,true,"
12:00.0
Jump ball: A. Bogut vs. J. Smith (S. Curry gains possession)
"
61,2,12:00,false,"
5:00.0
  33-42 S. Curry enters the game for I. Clark
"
61,2,5:00.0,true,"
5:00.0
  33-42 S. Curry enters the game for I. Clark
"
61,4,12:00,false,"
8:20.0
  92-98 S. Curry enters the game for L. Barbosa
"
61,4,8:20.0,true,"
8:20.0
  92-98 S. Curry enters the game for L. Barbosa
"
61,4,00:00,false,game end
62,1,12:00,true,"
10:31.0
Turnover by C. Johnson (lost ball; steal by S. Curry) 2-0  
"
62,2,12:00,false,"
4:47.0
  28-36 S. Curry enters the game for H. Barnes
"
62,2,4:47.0,true,"
4:47.0
  28-36 S. Curry enters the game for H. Barnes
"
62,4,12:00,false,"
6:16.0
  78-99 S. Curry enters the game for H. Barnes
"
62,4,6:16.0,true,"
6:16.0
  78-99 S. Curry enters the game for H. Barnes
"
62,4,3:32.0,false,"
3:32.0
  85-106 L. Barbosa enters the game for S. Curry
"
63,1,12:00,true,"
11:35.0
  0-0 Defensive rebound by S. Curry
"
63,2,12:00,false,"
6:15.0
  40-61 S. Curry enters the game for A. Varejao
"
63,2,6:15.0,true,"
6:15.0
  40-61 S. Curry enters the game for A. Varejao
"
63,3,10:01.0,false,"
10:01.0
  66-87 I. Clark enters the game for S. Curry
"
63,3,7:49.0,true,"
7:49.0
  66-93 S. Curry enters the game for I. Clark
"
63,3,1:59.0,false,"
1:59.0
  83-106 I. Clark enters the game for S. Curry
"
63,3,1:58.0,true,"
1:58.0
  83-107 S. Curry enters the game for I. Clark
"
63,4,12:00,false,"
5:03.0
  101-118 S. Curry enters the game for S. Livingston
"
63,4,5:03.0,true,"
5:03.0
  101-118 S. Curry enters the game for S. Livingston
"
63,4,3:39.0,false,"
3:39.0
  104-123 I. Clark enters the game for S. Curry
"
64,1,12:00,true,"
11:45.0
  0-0 S. Curry misses 3-pt shot from 24 ft
"
64,2,12:00,false,"
6:54.0
  35-41 S. Curry enters the game for S. Livingston
"
64,2,6:54.0,true,"
6:54.0
  35-41 S. Curry enters the game for S. Livingston
"
64,3,7:55.0,false,"
7:55.0
  66-68 I. Clark enters the game for S. Curry
"
64,4,12:00,true,"
11:04.0
  95-93+3S. Curry makes 3-pt shot from 26 ft (assist by L. Barbosa)
"
64,4,00:00,false,game end
65,1,12:00,true,"
12:00.0
Jump ball: A. Bogut vs. A. Davis (S. Curry gains possession)
"
65,2,12:00,false,"
7:18.0
  38-40 S. Curry enters the game for S. Livingston
"
65,2,7:18.0,true,"
7:18.0
  38-40 S. Curry enters the game for S. Livingston
"
65,4,00:00,false,game end
66,1,12:00,true,"
11:10.0
  2-0 Defensive rebound by S. Curry
"
66,2,12:00,false,"
4:37.0
  36-50 S. Curry enters the game for H. Barnes
"
66,2,4:37.0,true,"
4:37.0
  36-50 S. Curry enters the game for H. Barnes
"
66,2,0:16.0,false,"
0:16.0
  46-62 I. Clark enters the game for S. Curry
"
66,3,12:00,true,"
11:19.0
  46-64 S. Curry misses 2-pt shot from 17 ft
"
66,4,00:00,false,game end
67,1,12:00,true,"
10:32.0
S. Curry makes 3-pt shot from 24 ft (assist by D. Green)+35-6  
"
67,2,12:00.0,false,"
12:00.0
M. Speights enters the game for S. Curry 43-36  
"
67,2,5:08.0,true,"
5:08.0
S. Curry enters the game for I. Clark 62-48  
"
67,4,12:00,false,"
6:17.0
S. Curry enters the game for B. Rush 109-99  
"
67,4,6:17.0,true,"
6:17.0
S. Curry enters the game for B. Rush 109-99  
"
67,4,1:06.0,false,"
1:06.0
J. McAdoo enters the game for S. Curry 128-112  
"
68,1,12:00,true,"
11:33.0
B. Rush makes 2-pt shot from 1 ft (assist by S. Curry)+22-0  
"
68,1,4:22.0,false,"
4:22.0
S. Livingston enters the game for S. Curry 11-15  
"
68,2,12:00,true,"
10:02.0
S. Curry misses 3-pt shot from 24 ft (block by D. Green) 22-23  
"
68,4,12:00,false,"
5:58.0
S. Curry enters the game for I. Clark 71-75  
"
68,4,5:58.0,true,"
5:58.0
S. Curry enters the game for I. Clark 71-75  
"
68,4,00:00,false,game end
69,1,12:00,true,"
10:02.0
  4-2 Turnover by R. Rubio (lost ball; steal by S. Curry)
"
69,2,12:00,false,"
5:07.0
S. Curry enters the game for I. Clark 45-47  
"
69,2,5:07.0,true,"
5:07.0
S. Curry enters the game for I. Clark 45-47  
"
69,3,1:44.0,false,"
1:44.0
I. Clark enters the game for S. Curry 81-88  
"
69,4,7:27.0,true,"
7:27.0
S. Curry enters the game for L. Barbosa 93-95  
"
69,4,00:00,false,game end
70,1,12:00,true,"
8:51.0
Turnover by P. Pierce (lost ball; steal by S. Curry) 6-3  
"
70,2,12:00,false,"
4:45.0
  41-44 S. Curry enters the game for S. Livingston
"
70,2,4:45.0,true,"
4:45.0
  41-44 S. Curry enters the game for S. Livingston
"
70,4,12:00,false,"
8:41.0
  77-90 S. Curry enters the game for L. Barbosa
"
70,4,8:41.0,true,"
8:41.0
  77-90 S. Curry enters the game for L. Barbosa
"
70,4,00:00,false,game end
71,1,12:00,true,"
12:00.0
Jump ball: A. Bogut vs. S. Mejri (S. Curry gains possession)
"
71,2,12:00,false,"
5:55.0
  44-49 S. Curry enters the game for H. Barnes
"
71,2,5:55.0,true,"
5:55.0
  44-49 S. Curry enters the game for H. Barnes
"
71,4,12:00,false,"
5:16.0
  108-114 S. Curry enters the game for L. Barbosa
"
71,4,5:16.0,true,"
5:16.0
  108-114 S. Curry enters the game for L. Barbosa
"
71,4,00:00,false,game end
72,1,12:00,true,"
11:39.0
  0-2+2S. Curry makes 2-pt shot from 22 ft (assist by A. Bogut)
"
72,1,1:08.0,false,"
1:08.0
  29-27 I. Clark enters the game for S. Curry
"
72,2,6:24.0,true,"
6:24.0
  43-53 S. Curry enters the game for L. Barbosa
"
72,3,1:35.0,false,"
1:35.0
  76-90 I. Clark enters the game for S. Curry
"
72,4,7:18.0,true,"
7:18.0
  90-104 S. Curry enters the game for L. Barbosa
"
72,4,1:47.0,false,"
1:47.0
  101-117 M. Speights enters the game for S. Curry
"
73,1,12:00,true,"
11:39.0
  0-3+3S. Curry makes 3-pt shot from 25 ft (assist by D. Green)
"
73,2,12:00,false,"
5:31.0
  39-37 S. Curry enters the game for H. Barnes
"
73,2,5:31.0,true,"
5:31.0
  39-37 S. Curry enters the game for H. Barnes
"
73,4,12:00,false,"
6:49.0
  76-90 S. Curry enters the game for S. Livingston
"
73,4,6:49.0,true,"
6:49.0
  76-90 S. Curry enters the game for S. Livingston
"
73,4,2:19.0,false,"
2:19.0
  87-100 I. Clark enters the game for S. Curry
"
73,4,0:42.0,true,"
0:42.0
  93-100 S. Curry enters the game for L. Barbosa
"
73,4,00:00,false,game end
74,1,12:00,true,"
8:43.0
S. Curry makes 2-pt shot from 2 ft+26-10  
"
74,2,12:00,false,"
5:57.0
S. Curry enters the game for S. Livingston 33-25  
"
74,2,5:57.0,true,"
5:57.0
S. Curry enters the game for S. Livingston 33-25  
"
74,4,12:00,false,"
7:19.0
S. Curry enters the game for M. Speights 71-79  
"
74,4,7:19.0,true,"
7:19.0
S. Curry enters the game for M. Speights 71-79  
"
74,5,00:00,false,game end
75,1,12:00,true,"
12:00.0
Jump ball: A. Bogut vs. A. Johnson (S. Curry gains possession)
"
75,2,12:00,false,"
5:17.0
  28-35 S. Curry enters the game for M. Speights
"
75,2,5:17.0,true,"
5:17.0
  28-35 S. Curry enters the game for M. Speights
"
75,4,12:00,false,"
7:20.0
  95-85 S. Curry enters the game for S. Livingston
"
75,4,7:20.0,true,"
7:20.0
  95-85 S. Curry enters the game for S. Livingston
"
75,4,00:00,false,game end
76,1,12:00,true,"
10:57.0
Shooting foul by S. Curry (drawn by C. McCollum) 2-2  
"
76,2,12:00,false,"
7:20.0
  42-41 S. Curry enters the game for S. Livingston
"
76,2,7:20.0,true,"
7:20.0
  42-41 S. Curry enters the game for S. Livingston
"
76,2,0:22.0,false,"
0:22.0
  56-62 L. Barbosa enters the game for S. Curry
"
76,3,12:00,true,"
10:56.0
Turnover by C. McCollum (lost ball; steal by S. Curry) 56-65  
"
76,3,0:04.0,false,"
0:04.0
  87-100 I. Clark enters the game for S. Curry
"
76,4,6:48.0,true,"
6:48.0
  98-112 S. Curry enters the game for S. Livingston
"
76,4,3:07.0,false,"
3:07.0
  107-128 J. McAdoo enters the game for S. Curry
"
77,1,12:00,true,"
10:47.0
  2-5+2K. Thompson makes 2-pt shot from 2 ft (assist by S. Curry)
"
77,1,0:45.0,false,"
0:45.0
  18-27 S. Livingston enters the game for S. Curry
"
77,2,7:31.0,true,"
7:31.0
  30-33 S. Curry enters the game for B. Rush
"
77,4,12:00,false,"
6:49.0
  91-94 S. Curry enters the game for H. Barnes
"
77,4,6:49.0,true,"
6:49.0
  91-94 S. Curry enters the game for H. Barnes
"
77,5,00:00,false,game end
78,1,12:00,true,"
11:02.0
  2-3+3K. Thompson makes 3-pt shot from 25 ft (assist by S. Curry)
"
78,2,12:00,false,"
5:43.0
  27-38 S. Curry enters the game for D. Green
"
78,2,5:43.0,true,"
5:43.0
  27-38 S. Curry enters the game for D. Green
"
78,4,12:00,false,"
7:48.0
  83-98 S. Curry enters the game for L. Barbosa
"
78,4,7:48.0,true,"
7:48.0
  83-98 S. Curry enters the game for L. Barbosa
"
78,4,1:14.0,false,"
1:14.0
  96-112 L. Barbosa enters the game for S. Curry
"
79,1,12:00,true,"
11:02.0
H. Barnes makes 3-pt shot from 23 ft (assist by S. Curry)+36-3  
"
79,1,1:13.0,false,"
1:13.0
S. Livingston enters the game for S. Curry 28-26  
"
79,2,4:52.0,true,"
4:52.0
S. Curry enters the game for M. Speights 41-46  
"
79,4,12:00,false,"
6:20.0
S. Curry enters the game for M. Speights 80-90  
"
79,4,6:20.0,true,"
6:20.0
S. Curry enters the game for M. Speights 80-90  
"
79,4,00:00,false,game end
80,1,12:00,true,"
12:00.0
Jump ball: L. Aldridge vs. A. Bogut (S. Curry gains possession)
"
80,1,3:48.0,false,"
3:48.0
S. Livingston enters the game for S. Curry 13-13  
"
80,2,12:00,true,"
11:13.0
S. Curry makes 2-pt shot from 1 ft (assist by A. Iguodala)+216-22  
"
80,2,4:49.0,false,"
4:49.0
S. Livingston enters the game for S. Curry 26-29  
"
80,2,2:28.0,true,"
2:28.0
S. Curry enters the game for S. Livingston 30-31  
"
80,2,0:16.0,false,"
0:16.0
S. Livingston enters the game for S. Curry 35-35  
"
80,3,12:00,true,"
11:28.0
Turnover by S. Curry (lost ball; steal by D. West) 35-37  
"
80,4,12:00,false,"
5:47.0
S. Curry enters the game for S. Livingston 78-73  
"
80,4,5:47.0,true,"
5:47.0
S. Curry enters the game for S. Livingston 78-73  
"
80,4,00:00,false,game end
81,1,12:00,true,"
10:30.0
  2-3+2K. Thompson makes 2-pt shot from 16 ft (assist by S. Curry)
"
81,1,0:01.0,false,"
0:01.0
  23-37 L. Barbosa enters the game for S. Curry
"
81,2,5:47.0,true,"
5:47.0
  37-53 S. Curry enters the game for S. Livingston
"
81,4,00:00,false,game end